# generation cost per unique first-turn English OASST1 prompt,
# measured as the real assistant reply length in chars / 4 (~tokens).
# derived from OpenAssistant/oasst1 (Apache-2.0), see benchmarks/README.md
358.25
325.25
193.25
247.50
445.50
223.75
179.75
225.25
76.50
337.00
24.00
202.00
103.00
358.00
610.25
400.50
519.75
222.75
33.25
320.00
127.25
161.50
250.00
111.50
83.25
148.50
83.75
28.50
79.75
37.50
592.50
349.50
404.75
387.00
65.50
509.75
431.00
236.25
659.75
134.00
196.00
417.00
280.00
422.25
191.25
15.75
352.50
599.00
388.00
238.75
52.25
107.25
114.00
46.50
275.00
612.50
84.00
386.00
187.75
325.00
364.00
266.75
258.25
96.75
107.75
140.00
279.50
954.50
378.25
216.25
39.25
9.75
122.00
202.75
184.25
130.25
189.50
99.25
187.00
318.00
293.50
372.25
362.75
183.75
233.50
144.00
312.25
114.00
241.50
386.25
120.50
101.00
78.00
388.50
526.00
424.25
234.75
280.50
82.00
132.50
275.75
415.75
153.25
131.25
208.00
502.75
511.50
75.50
20.00
364.75
234.75
265.50
67.00
85.25
176.50
64.25
306.75
165.25
172.00
405.00
146.00
454.50
469.00
698.00
73.00
39.25
238.25
270.75
195.25
30.25
203.25
196.75
135.00
367.50
73.75
193.50
31.25
265.50
445.25
430.25
76.50
254.25
392.50
66.50
309.75
517.25
60.00
112.25
140.75
415.50
427.75
137.00
285.75
489.25
286.75
393.25
479.75
610.25
388.00
108.25
136.00
44.50
484.25
381.75
139.50
180.50
372.25
122.00
20.25
484.50
198.00
302.25
363.50
434.25
88.50
121.75
111.50
75.75
66.00
343.50
405.75
290.00
248.75
234.00
35.00
354.50
419.00
53.75
347.75
546.00
424.25
241.00
167.50
413.25
496.00
196.25
402.75
9.00
342.50
312.75
132.75
183.75
217.25
362.75
264.75
130.75
243.50
207.00
315.50
96.25
383.00
489.75
319.25
790.00
49.75
518.75
307.75
249.00
193.00
336.00
392.00
260.50
148.25
512.25
139.50
84.00
50.50
382.25
92.25
484.50
250.25
426.50
211.25
12.75
192.00
409.75
38.25
172.75
137.75
232.00
12.00
123.75
135.00
327.00
395.50
491.50
592.75
604.50
336.50
50.50
380.50
288.00
119.50
558.25
318.50
385.25
359.00
447.75
324.50
351.25
619.75
45.00
19.75
130.25
554.25
67.75
356.75
365.75
225.50
353.25
547.00
26.75
328.25
331.75
69.75
132.00
257.75
46.00
307.25
442.75
612.00
55.75
1152.00
331.75
327.25
306.50
210.50
123.00
275.25
523.50
192.50
128.25
305.50
69.50
49.25
53.50
9.50
27.50
959.75
342.25
386.25
111.00
361.00
394.25
120.00
65.25
343.75
117.50
145.50
258.75
74.25
206.25
145.25
646.50
522.00
527.00
569.75
318.25
417.25
272.75
663.75
247.00
393.75
586.75
33.25
263.25
206.75
563.75
317.25
370.00
232.75
38.25
856.00
432.75
60.25
398.25
369.50
318.75
256.75
278.25
145.25
562.50
415.50
134.50
115.75
304.75
662.50
147.75
171.50
63.25
406.25
421.75
584.25
547.75
280.25
553.50
284.50
245.00
568.25
15.75
550.25
323.75
408.00
9.50
496.75
72.00
70.50
139.00
428.50
501.00
334.25
575.75
623.75
364.75
274.75
266.00
81.75
160.75
340.25
287.00
289.00
297.25
54.75
404.75
535.75
85.25
547.75
302.75
13.00
338.75
362.00
476.50
301.00
272.25
258.25
61.75
125.25
365.00
821.50
174.50
26.50
341.00
507.25
94.75
188.00
270.75
732.25
340.50
136.25
182.75
227.50
157.75
216.50
253.25
36.50
20.75
166.00
434.50
35.50
164.50
36.25
29.50
417.25
17.25
761.50
32.00
268.75
206.50
187.00
325.50
435.00
534.00
45.75
374.50
605.50
376.50
48.00
533.25
522.75
431.00
184.75
453.50
443.00
113.00
594.50
320.75
36.50
468.00
385.50
62.50
285.50
754.25
95.00
438.25
309.00
382.50
117.25
306.50
62.25
135.50
357.25
186.75
238.25
90.50
255.50
399.75
505.50
511.25
122.50
388.25
31.00
269.50
338.50
461.50
233.25
244.50
73.75
190.75
310.25
433.25
182.25
292.00
227.50
455.25
387.75
389.25
114.00
287.75
370.75
654.50
143.50
611.25
319.50
345.50
159.00
655.50
37.25
510.50
502.75
522.25
266.00
354.50
20.75
22.75
12.00
350.00
449.50
561.00
555.75
573.75
418.50
263.50
66.50
613.25
274.75
258.50
425.25
34.75
50.00
375.75
14.50
98.00
11.00
470.50
364.50
1073.25
84.00
455.75
141.00
411.50
84.25
374.50
378.00
166.50
328.50
318.00
186.75
63.25
64.25
277.50
29.50
39.50
429.00
125.25
39.75
308.50
299.75
256.25
587.00
67.25
619.00
41.00
406.75
323.50
84.00
123.25
13.25
178.50
531.50
120.50
269.50
204.00
29.75
250.75
85.75
37.25
46.50
250.75
749.00
151.75
258.50
437.75
376.75
447.50
104.50
379.50
355.50
76.75
514.50
116.25
82.50
42.75
341.00
178.50
505.50
567.00
132.25
263.50
517.25
312.00
332.50
381.75
274.25
386.50
107.75
348.50
691.00
291.75
138.00
48.50
471.00
294.50
155.25
79.00
273.00
470.25
19.50
252.25
58.00
102.00
59.50
662.50
499.75
374.00
132.00
501.00
271.25
284.50
384.25
135.00
190.75
287.25
305.25
129.00
345.25
34.75
228.50
81.50
37.00
114.25
290.50
361.75
350.00
418.75
45.00
705.00
63.75
85.75
269.25
241.25
254.25
279.75
223.00
568.25
139.00
283.00
386.75
369.50
132.50
110.00
169.25
129.25
130.75
163.75
249.00
32.75
278.75
57.75
139.00
235.75
9.00
334.00
379.25
410.00
192.00
153.25
91.25
245.00
511.25
461.75
141.25
274.00
153.75
152.25
354.75
33.75
53.00
173.25
548.25
385.25
429.75
907.00
87.75
335.75
216.75
85.50
132.25
40.00
573.50
310.50
203.00
613.00
22.50
374.00
337.25
160.00
248.25
288.00
330.25
810.25
326.75
221.50
352.50
61.25
251.50
24.25
137.50
599.25
335.50
61.75
394.25
1991.00
339.25
691.00
131.50
152.25
222.75
48.25
179.00
556.25
539.25
404.50
327.50
280.25
121.00
390.75
390.75
290.75
693.50
213.25
361.50
754.00
263.25
28.00
188.50
63.75
65.50
358.25
31.50
122.75
42.25
10.75
198.75
312.50
402.50
926.75
789.50
453.25
17.00
398.75
216.25
256.00
281.00
71.75
443.75
66.25
477.75
64.00
144.00
297.75
436.75
79.25
478.50
333.50
1171.50
284.25
38.75
295.00
103.00
406.00
140.75
188.00
72.00
487.50
539.00
314.75
85.50
313.75
388.75
283.25
545.25
59.75
51.00
842.50
358.25
172.50
127.50
289.50
508.25
121.00
320.75
265.50
317.75
490.00
244.50
280.75
625.25
53.75
149.25
280.50
495.50
12.50
279.50
347.25
356.75
269.75
518.75
119.50
413.00
167.00
378.75
16.00
810.50
407.00
497.00
734.25
322.75
288.50
432.25
371.50
441.50
1.00
463.00
388.50
127.75
186.75
668.50
458.25
402.25
334.25
344.50
523.75
347.25
22.50
184.00
366.50
358.25
119.50
479.75
515.75
384.75
4.25
79.50
202.75
188.50
88.75
336.50
425.00
239.75
284.25
62.50
459.00
188.00
545.50
277.00
741.25
511.00
157.50
642.75
273.00
265.50
418.25
272.75
794.50
477.00
15.50
264.00
305.25
433.50
588.75
698.75
17.00
498.25
27.25
257.75
1284.25
389.25
153.25
228.50
116.00
75.75
533.50
602.00
99.50
534.25
7.00
146.25
169.75
134.00
90.75
144.25
139.50
350.25
105.25
103.25
68.50
166.00
6.25
59.00
35.25
4.75
21.75
46.00
405.75
33.00
310.00
201.50
185.50
262.75
1.00
35.00
70.00
40.50
41.50
80.00
266.50
55.00
16.75
73.50
18.00
371.25
113.50
34.50
32.75
18.75
17.00
109.50
295.00
72.75
19.25
170.25
46.25
94.75
33.00
148.50
250.00
233.75
7.50
177.75
454.75
263.50
243.00
129.75
291.75
228.25
406.00
337.75
76.50
52.00
66.25
74.00
43.50
125.50
338.25
321.50
90.25
95.25
118.75
643.50
53.75
63.50
88.25
175.25
91.50
105.75
78.25
88.50
159.00
246.25
131.25
76.00
178.75
187.50
105.25
89.25
51.75
203.25
64.00
61.00
181.00
167.50
252.75
250.50
29.25
227.00
14.75
133.00
76.50
87.75
112.00
76.75
419.50
52.00
80.25
4.00
13.50
60.25
226.00
241.25
47.25
164.75
113.25
129.75
369.50
52.00
268.25
119.75
131.75
7.25
57.50
140.75
422.00
203.25
540.50
21.00
7.00
108.50
80.75
527.50
442.75
432.50
97.00
50.75
133.50
34.25
46.25
654.50
262.25
347.25
8.50
400.25
55.25
150.75
65.00
75.25
377.25
236.25
528.00
244.25
210.00
87.50
2.50
232.00
288.75
182.50
193.25
332.75
187.25
473.25
188.75
146.00
248.75
87.75
265.50
247.75
276.75
161.00
222.25
315.25
2471.50
54.25
102.00
431.00
226.25
86.25
209.25
233.75
421.00
223.25
135.00
68.50
331.50
106.25
90.25
64.25
22.00
409.00
490.75
516.00
231.50
104.25
118.25
262.00
319.25
265.25
161.50
410.00
359.50
376.25
259.00
388.00
411.75
357.50
103.00
137.25
248.00
99.75
238.50
40.25
216.25
44.00
115.75
278.00
338.00
61.50
148.50
137.50
83.75
56.50
214.00
677.25
167.00
279.50
510.25
192.75
167.75
306.25
195.25
29.50
275.25
269.00
17.25
240.75
347.25
82.75
110.50
312.25
253.75
209.75
95.00
317.75
154.25
476.00
544.75
186.00
470.25
144.00
235.25
443.75
239.00
210.50
35.75
49.75
561.00
96.75
137.00
6.75
265.25
354.00
368.50
23.50
56.00
527.25
95.00
54.75
463.50
394.25
270.75
284.00
61.50
37.25
315.75
287.00
145.25
456.25
171.50
141.25
95.50
229.25
346.25
180.25
405.00
78.75
169.75
358.50
112.25
9.75
44.00
259.50
324.50
69.50
419.00
228.75
190.00
114.75
695.50
174.00
176.00
805.75
433.25
387.50
471.25
313.00
356.50
236.75
141.75
307.25
301.25
358.75
57.25
254.75
233.25
353.00
470.25
255.50
382.00
100.25
597.25
195.25
236.50
208.75
419.50
184.50
348.75
293.75
137.00
167.50
139.75
461.25
464.50
352.25
434.75
321.00
666.00
182.25
174.00
194.50
439.50
178.50
484.75
140.00
125.25
189.50
37.25
86.00
441.75
221.50
456.50
242.00
328.75
229.75
299.75
727.25
215.00
192.50
161.50
253.50
311.25
46.75
50.25
225.75
288.00
113.00
458.00
280.00
336.75
70.25
232.50
721.25
296.75
266.25
151.75
486.25
303.75
134.75
68.75
515.00
49.00
292.75
155.50
71.50
43.50
95.25
113.50
771.00
131.75
648.25
97.50
10.00
67.25
396.50
61.00
347.50
349.00
84.50
27.75
132.50
449.00
162.50
247.75
290.25
655.00
123.25
46.50
65.75
326.75
290.25
390.00
53.00
43.00
110.75
257.25
114.25
281.25
485.25
37.50
99.75
69.00
64.25
284.50
154.75
215.75
361.00
514.75
270.50
395.25
34.00
364.50
201.25
27.00
174.75
800.50
179.75
263.00
637.00
57.75
14.00
336.00
230.00
28.75
6.00
190.00
99.50
213.75
149.25
271.00
185.75
213.00
94.50
26.00
416.25
253.25
270.50
276.50
466.50
316.50
66.00
101.75
53.25
316.75
78.75
142.50
75.75
316.75
354.75
293.25
519.75
123.00
137.25
469.00
158.75
43.25
702.00
275.25
344.75
253.50
528.25
248.50
650.75
215.75
274.50
17.25
145.00
128.25
314.75
167.00
230.25
453.75
65.00
207.25
352.75
521.25
111.50
85.50
86.50
519.50
70.50
87.75
134.50
160.50
150.75
256.25
329.25
495.25
503.75
175.00
378.75
464.00
109.50
363.00
513.75
162.75
286.50
241.00
38.25
375.75
292.00
311.50
212.25
119.00
309.75
77.00
78.25
102.25
425.75
386.00
120.50
541.50
250.00
513.75
604.75
184.50
486.75
146.00
222.50
284.25
726.50
412.50
74.25
51.00
3.00
363.75
17.75
344.50
152.50
488.25
142.00
94.25
200.25
195.00
405.25
80.75
299.75
33.50
562.00
252.50
32.00
192.25
252.25
143.25
80.50
428.00
386.25
232.25
520.25
26.00
597.25
151.50
255.00
490.25
224.75
151.00
434.50
346.50
290.00
308.75
548.75
95.25
823.25
561.50
1641.00
436.50
133.00
79.00
307.75
339.75
215.25
97.75
279.50
75.00
76.75
258.00
322.00
240.75
492.25
295.50
201.50
186.25
125.25
674.50
391.25
216.75
348.00
320.00
135.50
59.00
78.50
5.50
161.00
248.75
331.50
358.00
454.75
95.50
311.50
349.00
381.75
360.50
170.25
527.75
450.00
197.50
137.00
392.75
297.75
174.00
398.00
225.50
392.00
208.50
467.75
451.75
60.50
191.25
597.75
489.00
536.50
235.25
357.00
302.00
116.75
389.75
297.00
351.50
478.25
491.75
19.25
517.25
89.25
407.75
106.25
17.50
278.00
77.75
78.00
54.75
21.50
204.75
195.00
88.00
362.00
202.50
145.50
394.25
135.00
351.75
20.75
128.25
416.00
257.75
107.25
336.50
262.75
51.25
217.00
321.00
359.25
101.00
386.00
336.75
584.00
257.00
53.00
363.50
718.25
215.75
314.25
97.75
17.75
131.00
11.25
427.25
50.25
316.00
406.25
359.00
250.25
806.00
350.25
340.25
195.75
99.50
260.00
86.25
935.50
294.00
175.00
340.25
308.00
74.00
111.25
4.00
455.00
329.75
24.25
166.50
173.75
382.75
248.25
271.50
359.00
21.00
33.75
30.25
315.25
359.25
295.50
54.25
128.25
1120.50
328.00
34.25
539.50
94.25
563.50
217.50
126.00
139.00
258.25
195.50
35.75
366.50
309.00
313.00
88.75
327.25
90.75
736.75
231.75
397.75
408.50
190.50
12.00
203.75
241.25
107.50
486.25
92.25
234.25
88.75
575.25
496.00
374.75
308.00
342.00
598.00
407.75
278.50
245.75
115.00
271.00
168.25
8.25
88.75
240.25
114.00
261.50
143.25
405.25
36.00
559.50
353.00
158.75
108.75
115.25
56.25
612.50
89.00
605.75
149.25
298.25
50.75
404.75
346.50
257.00
187.50
290.00
435.00
649.75
161.25
171.50
223.75
311.25
220.00
144.75
318.25
216.50
19.50
40.75
254.00
597.50
68.75
148.00
47.50
100.50
524.50
218.75
69.75
371.50
265.25
167.00
372.75
466.25
538.75
375.25
151.50
126.50
210.00
178.75
278.00
31.25
98.50
353.00
54.50
212.75
266.00
30.75
646.50
192.00
555.50
358.75
106.50
446.25
349.00
288.75
329.75
208.75
380.50
136.75
450.25
489.75
217.00
197.25
416.75
277.75
222.00
412.00
308.00
79.75
293.75
572.75
233.50
52.50
130.75
458.00
10.25
176.75
438.75
583.25
497.25
191.50
84.00
192.75
123.25
203.50
17.25
581.00
390.25
74.75
62.50
413.00
124.25
495.50
416.00
563.50
353.50
343.75
240.25
224.00
308.75
119.75
125.50
400.00
321.25
67.50
129.00
305.50
25.75
359.75
82.50
274.75
43.00
797.00
365.75
452.75
204.00
558.00
913.00
244.00
482.75
479.75
263.75
23.75
246.00
32.75
215.50
385.50
345.25
501.50
117.75
21.75
433.25
107.00
27.25
42.00
567.75
210.50
324.25
154.00
342.25
113.50
63.50
526.00
160.75
683.00
426.50
83.25
47.25
1006.00
518.00
948.25
119.50
14.25
276.25
389.75
384.75
12.25
142.00
514.75
19.75
45.50
247.50
369.25
466.50
141.75
294.75
168.00
7.00
370.50
555.25
156.75
240.50
217.00
187.25
565.75
13.25
407.25
674.75
495.00
496.00
580.50
139.75
123.25
66.75
443.50
391.25
120.75
443.25
161.50
430.00
268.00
78.75
54.50
85.25
98.00
236.00
241.75
186.50
177.00
451.25
348.25
491.00
148.75
132.25
712.00
197.50
270.75
127.00
331.75
135.00
412.75
166.75
134.50
159.25
422.75
239.75
449.25
401.00
902.50
76.50
24.25
73.25
100.00
174.25
138.50
228.75
33.00
383.75
443.50
316.25
509.25
425.75
309.50
119.75
64.75
19.00
274.50
332.50
612.00
67.50
824.25
328.75
249.50
86.00
327.50
357.75
316.00
128.50
296.25
417.25
127.25
490.00
24.50
369.50
240.00
74.50
158.50
103.25
281.75
125.50
26.25
384.50
335.00
654.75
249.00
93.00
291.75
225.75
81.50
106.00
157.00
95.50
482.25
422.00
210.75
280.25
76.50
521.75
761.25
431.00
216.75
149.50
523.25
251.00
47.50
147.25
386.25
68.25
163.25
1186.50
326.75
4.50
335.00
342.50
181.25
57.00
485.50
203.25
138.75
331.00
406.50
373.00
15.25
79.75
193.75
468.50
139.75
341.00
203.25
427.00
383.25
19.00
53.75
116.75
66.00
551.75
69.25
383.50
71.25
87.75
594.25
427.00
176.00
319.50
330.25
64.75
108.50
306.75
267.50
41.50
514.00
462.00
135.00
554.00
306.00
508.75
465.00
342.00
182.25
248.75
199.75
405.75
432.25
518.25
243.00
19.75
204.75
630.00
657.75
349.25
615.75
421.25
544.50
79.75
334.50
13.75
156.75
289.00
1.00
111.00
258.75
287.50
83.50
431.75
68.00
178.50
224.25
268.00
76.00
351.50
304.25
40.50
42.25
331.25
342.25
462.00
317.50
136.50
399.75
31.75
221.25
111.50
254.00
181.00
31.25
453.50
154.25
568.50
279.25
222.00
141.25
346.25
147.75
32.75
42.75
467.75
86.25
66.75
280.25
556.25
268.75
303.50
406.75
287.00
473.75
696.00
498.50
367.00
361.00
114.00
128.50
59.75
183.00
567.50
62.00
224.00
85.50
215.25
91.75
106.50
105.25
36.50
411.50
58.75
157.25
600.50
354.75
65.00
531.75
498.00
366.00
178.00
54.25
140.00
281.00
45.25
143.00
40.50
217.75
2.75
280.50
283.75
298.25
199.50
401.00
177.75
90.75
97.75
270.25
400.50
28.50
515.00
189.00
541.75
132.25
115.00
44.00
18.25
713.75
269.25
512.50
92.25
255.00
72.00
624.50
130.75
255.00
36.75
273.75
28.50
432.75
495.75
332.50
134.50
230.75
16.25
444.25
136.75
694.75
281.25
80.00
36.25
99.75
357.25
135.50
187.25
93.75
359.50
360.25
250.50
670.25
195.00
274.25
400.75
332.75
304.50
53.50
366.25
504.25
437.75
386.25
23.75
450.00
385.75
116.75
436.00
137.75
333.75
163.00
291.25
212.50
334.00
472.00
651.00
71.75
12.00
158.50
491.00
399.75
180.75
413.75
294.50
553.00
925.25
80.75
391.00
352.75
339.00
501.75
167.25
369.75
334.50
98.25
52.50
366.00
505.50
159.75
303.00
547.75
835.00
502.75
370.50
161.75
445.00
8.50
201.75
304.00
318.25
66.50
196.50
663.75
314.75
201.75
444.75
248.50
618.25
468.50
106.75
113.50
422.50
246.25
68.25
60.00
263.00
545.75
242.50
390.00
631.00
475.50
51.50
120.00
22.75
209.75
435.75
293.25
344.00
535.00
250.75
663.50
531.50
342.75
364.00
673.75
168.25
608.25
664.25
72.25
78.00
124.50
47.25
104.50
207.50
217.00
268.75
287.75
523.25
66.00
221.00
372.25
500.00
135.50
67.25
106.50
483.75
90.75
330.25
183.50
391.50
559.75
15.25
551.75
39.25
34.50
409.75
269.25
204.25
1034.50
245.75
233.50
544.50
255.25
203.00
232.75
5.50
379.25
398.50
451.50
300.50
230.25
386.00
130.50
56.25
132.25
238.00
272.25
113.00
49.75
306.00
131.50
261.25
71.25
296.00
78.25
151.75
105.00
549.50
383.50
647.50
122.00
232.50
418.00
76.00
350.00
19.25
249.50
440.25
239.50
608.25
522.00
77.75
214.00
323.75
456.00
234.00
830.00
434.75
763.00
840.00
296.25
329.50
562.00
43.75
295.25
284.25
29.75
432.25
65.00
609.50
28.25
53.75
19.75
619.25
377.75
117.50
13.50
397.00
191.25
246.00
370.50
44.00
349.00
303.75
84.25
10.75
430.00
433.75
310.75
165.25
847.25
384.75
263.75
199.25
219.00
257.75
469.00
446.00
312.00
364.75
24.50
841.00
397.25
66.50
49.75
67.75
219.25
567.25
17.25
343.75
537.25
400.25
399.00
421.25
302.00
220.00
290.50
288.25
119.25
464.75
253.00
92.25
306.25
468.50
656.25
248.50
22.50
358.75
7.00
338.50
889.50
51.75
193.25
8.50
47.50
115.25
619.75
204.25
47.25
355.50
36.50
49.25
59.50
580.00
1105.00
2.25
119.25
132.00
582.50
111.00
115.50
355.50
521.00
31.25
583.00
918.75
365.50
362.25
64.50
507.25
526.00
131.25
417.25
395.50
480.50
376.00
561.75
16.50
1218.25
270.50
334.25
222.00
27.25
103.00
219.50
573.00
448.75
742.00
260.00
1642.75
102.00
134.25
429.50
152.50
87.00
338.75
359.75
215.00
73.75
17.00
378.75
566.75
208.50
527.50
185.50
245.75
32.00
647.75
377.25
453.00
8.75
51.25
50.50
107.75
45.25
529.00
162.50
127.50
526.50
178.75
403.00
512.50
47.50
253.75
447.50
584.75
158.25
697.50
404.75
507.25
244.75
216.25
210.25
110.00
70.75
610.00
48.25
310.25
160.75
258.25
129.25
121.75
383.75
22.00
684.00
737.75
308.25
129.50
166.25
221.50
94.75
30.50
15.50
203.50
439.00
43.00
369.25
153.25
304.25
30.75
353.00
306.75
15.00
419.75
229.50
422.00
613.75
435.75
455.00
172.50
358.50
199.75
661.25
181.25
199.75
192.50
258.75
199.50
343.75
89.75
260.50
220.25
163.75
109.75
112.75
25.00
327.25
83.75
64.75
268.50
280.25
334.75
297.00
616.50
376.00
130.75
394.25
163.25
68.00
766.75
110.25
301.50
287.25
229.00
179.25
7.00
328.00
683.00
511.75
78.50
68.25
300.75
366.25
10.50
513.75
306.75
236.75
108.00
32.50
508.75
292.75
22.25
555.25
344.75
190.25
80.75
216.25
233.75
284.25
484.50
407.00
349.25
600.50
280.50
1063.00
28.25
604.25
359.50
362.50
438.50
571.50
1397.25
248.50
585.25
415.50
405.00
484.00
602.00
327.25
384.25
967.50
327.50
628.25
349.75
234.00
863.25
302.00
555.50
364.00
36.50
73.25
32.00
181.00
68.25
209.00
55.75
671.75
470.00
952.75
422.50
533.00
110.50
58.25
282.75
274.25
445.50
238.00
702.50
359.75
148.25
9.75
195.25
10.75
531.00
565.50
156.50
621.25
327.75
228.50
515.75
496.00
349.25
228.75
442.75
280.25
66.75
439.50
367.75
722.25
420.25
175.50
581.00
142.25
13.75
133.75
471.00
494.50
373.50
468.75
226.75
329.25
519.00
147.25
410.75
525.75
401.25
330.50
360.75
545.75
401.75
322.75
580.50
262.25
98.00
244.00
193.00
376.75
569.00
9.00
242.75
35.75
694.00
373.50
134.25
280.50
781.75
408.50
465.50
347.25
402.00
20.00
778.25
48.75
241.50
489.50
450.00
362.00
329.25
535.75
502.75
207.25
7.25
20.25
12.25
57.25
952.25
773.50
502.75
720.25
350.00
326.25
343.25
106.25
25.00
151.50
132.25
43.50
99.50
75.00
1385.50
169.00
47.25
3.00
413.50
49.00
104.25
495.25
78.50
23.75
275.50
58.00
92.75
353.25
76.75
77.25
134.75
55.25
225.25
231.25
1.00
484.25
49.50
35.75
332.50
133.25
71.50
197.25
353.25
164.25
192.25
65.00
78.75
189.75
159.00
305.75
66.00
342.75
30.25
272.50
384.00
2.50
140.75
30.50
414.00
440.25
115.50
433.75
93.75
54.25
36.25
75.00
149.50
136.25
255.75
217.50
388.00
207.00
40.25
353.75
76.75
131.00
148.50
45.25
107.00
214.75
73.75
10.50
164.75
215.50
28.75
345.75
144.50
181.50
80.50
191.75
282.25
807.50
119.50
233.75
101.75
320.75
388.50
211.00
63.50
126.50
299.00
163.25
326.25
118.25
284.50
243.75
92.25
57.75
20.25
298.25
48.00
198.75
68.25
244.50
416.25
7.00
46.50
125.50
363.00
30.25
98.75
114.00
140.50
58.25
10.00
68.75
102.25
78.50
48.50
71.50
29.50
484.00
205.50
223.75
247.00
232.25
102.25
62.00
277.25
102.50
106.50
140.25
219.25
256.00
70.75
258.50
302.00
270.00
116.75
103.00
81.00
58.75
268.50
209.25
56.00
124.75
65.50
204.25
326.00
104.00
66.75
343.50
4.50
480.75
390.75
56.75
855.50
540.75
39.00
150.00
274.25
334.75
85.00
231.75
113.00
302.75
63.50
78.25
347.00
173.50
238.75
510.00
124.25
2.25
583.00
430.50
204.00
205.75
74.75
13.25
236.25
56.00
247.25
464.50
145.50
107.00
207.75
499.25
400.00
7.75
260.00
172.00
242.25
238.25
167.50
172.75
121.75
503.25
204.00
108.50
218.00
195.75
493.25
87.75
52.50
371.25
355.75
312.50
20.25
213.50
60.00
237.75
35.50
204.25
289.75
217.75
319.50
119.75
184.75
24.00
350.00
428.50
39.75
189.50
33.75
506.25
164.75
42.50
153.00
411.50
242.75
234.50
328.00
324.50
237.00
420.25
356.00
375.75
477.25
491.75
281.00
493.50
154.50
819.50
241.75
194.50
129.50
916.25
350.00
127.50
241.25
91.00
923.25
332.00
750.50
329.00
91.75
268.25
350.00
18.50
578.00
388.25
338.00
190.75
200.50
12.00
96.25
362.25
154.25
186.00
219.50
400.25
270.25
174.00
45.00
205.50
264.50
330.25
139.50
234.75
162.00
280.50
306.50
402.00
175.75
723.50
129.25
427.50
711.75
149.75
228.75
636.50
82.50
239.50
14.50
259.25
151.75
181.75
304.25
26.50
193.25
668.00
79.75
118.00
19.00
100.25
283.50
154.75
73.25
103.25
212.75
182.75
376.50
420.00
71.00
240.00
159.25
43.25
278.25
22.00
186.00
498.75
52.25
174.25
67.25
106.75
55.00
135.75
366.00
726.75
277.00
144.25
224.75
157.75
142.75
58.00
546.25
536.50
104.75
246.25
356.25
764.25
259.75
334.25
151.50
93.50
210.00
283.50
193.50
298.25
58.75
308.25
94.00
259.75
171.25
214.00
310.50
211.25
292.75
480.75
349.00
115.75
191.00
55.25
84.50
341.25
62.75
658.00
293.25
319.50
72.00
449.25
537.00
385.25
366.25
638.25
126.50
98.00
353.50
227.50
300.25
7.00
293.25
431.25
124.00
280.25
20.00
792.25
286.50
211.75
1626.50
48.50
74.75
299.25
263.50
243.25
314.00
321.75
117.00
335.50
167.50
130.25
520.25
564.00
183.75
215.00
183.75
253.50
199.00
304.75
53.00
13.50
299.75
506.75
441.25
296.00
158.50
37.50
663.25
338.25
734.50
136.75
376.00
112.50
33.00
158.50
290.00
67.25
345.50
178.00
435.25
517.75
289.25
328.00
55.25
59.25
201.25
204.50
624.75
244.00
23.75
556.25
554.25
491.50
375.00
285.25
350.50
67.25
452.75
183.25
49.25
772.75
90.75
414.25
166.75
774.00
28.75
595.50
408.75
94.75
123.00
244.25
253.75
108.25
467.50
62.25
21.50
53.00
22.50
249.00
297.75
219.25
200.50
141.50
225.25
349.50
393.25
271.25
130.25
210.75
146.00
486.25
82.00
150.00
1031.50
90.00
867.25
97.75
52.25
188.75
122.75
128.75
263.75
423.00
367.75
291.75
373.50
222.50
36.50
645.75
139.50
465.50
345.00
705.75
498.25
36.25
80.50
438.25
301.50
74.75
22.25
380.00
398.50
254.75
344.75
123.25
133.50
427.50
276.50
286.25
323.50
78.50
468.00
547.00
778.50
156.75
398.50
94.00
116.25
411.50
351.25
4.50
139.50
302.50
335.00
175.00
367.25
246.50
620.50
260.50
101.25
112.25
352.25
238.25
126.00
347.75
315.50
78.25
202.75
83.75
147.25
372.75
63.25
616.75
181.25
78.50
324.75
811.00
343.75
49.00
266.75
15.75
303.25
94.75
78.75
287.25
181.00
62.00
132.50
395.50
215.50
116.50
675.50
622.50
63.25
156.50
23.50
29.00
169.25
177.50
488.25
296.00
171.25
345.25
614.50
875.00
466.50
7.75
264.00
111.00
42.50
161.75
272.75
17.75
121.75
259.25
293.75
353.00
351.75
67.25
52.00
295.75
159.00
516.75
229.50
178.75
81.75
378.75
96.75
527.50
353.25
189.50
329.75
109.00
88.25
237.00
252.00
49.25
387.50
177.00
75.00
581.50
17.50
83.25
102.75
99.00
279.00
131.75
201.75
177.00
926.50
268.50
90.75
259.25
29.25
358.00
479.50
71.50
328.75
98.50
420.00
527.50
350.75
71.75
514.50
478.25
53.25
105.75
114.75
140.25
38.50
498.00
167.25
631.00
434.75
49.00
76.25
360.00
85.50
98.75
283.50
480.75
246.25
136.50
681.75
21.50
286.00
213.50
133.75
4.50
514.75
35.25
177.00
18.50
442.25
57.25
318.50
10.00
75.25
211.25
330.00
186.00
368.25
95.25
361.50
526.75
388.50
36.50
207.00
176.25
224.25
404.50
331.25
80.75
109.00
79.25
612.25
522.25
412.50
450.50
310.00
296.50
505.25
43.00
250.75
35.00
4.25
141.25
182.75
212.75
283.75
23.75
7.50
432.75
464.50
264.50
317.00
316.50
279.25
428.00
17.00
354.75
315.25
436.00
397.50
438.25
38.25
77.50
129.25
194.00
318.25
478.25
222.50
124.75
265.50
448.50
628.25
493.25
141.50
626.25
103.75
577.75
285.25
303.25
318.00
978.25
153.00
191.00
304.25
198.75
421.25
14.50
106.25
312.25
387.00
354.75
228.00
353.75
270.75
155.50
213.00
122.75
17.75
147.00
821.75
126.50
65.75
18.25
173.25
111.25
618.25
385.25
139.00
19.50
361.75
188.25
345.50
247.50
220.50
17.75
369.75
282.00
797.25
659.75
173.25
180.75
37.50
208.50
550.00
448.50
313.25
310.75
285.00
40.50
462.00
1.25
213.50
331.00
213.00
298.00
144.75
404.25
105.75
251.50
117.00
120.50
92.75
112.50
62.75
201.25
54.00
176.50
94.50
200.25
529.50
545.50
216.50
150.50
340.25
286.75
628.75
70.00
771.25
386.00
117.25
680.00
118.75
11.25
323.50
20.75
125.50
122.00
385.00
243.75
507.25
53.00
286.00
34.75
38.25
144.75
329.25
121.50
61.00
84.25
163.75
184.75
20.50
84.75
264.50
216.75
548.25
142.00
185.25
319.25
36.75
116.25
330.00
182.25
81.50
502.50
336.75
71.00
109.50
3.00
570.75
162.00
901.75
316.25
402.25
69.00
654.25
303.50
284.25
172.00
580.00
99.75
43.00
164.25
341.50
303.25
151.50
208.25
397.50
112.00
168.75
368.25
369.25
469.50
115.75
343.25
328.25
